company_name,website,country,source
Ken Forging Inc,https://kenforging.com,USA,directory:MWFA
Abbott Interfast,https://aicfast.com,USA,directory:MWFA
Afc Industries,https://afcind.com,USA,directory:MWFA
All American Systems,https://allamericansystems.com,USA,directory:MWFA
Associated Fastening Products,https://associatedfastening.com,USA,directory:MWFA
Avante Imports Inc.,https://avanteimports.com,USA,directory:MWFA
Brighton Best Int'L,https://brightonbest.com,USA,directory:MWFA
Brikksen,https://brikksen.com,USA,directory:MWFA
Brynolf Mfg.,https://brynolfmanufacturing.com,USA,directory:MWFA
BTM Mfg.,https://btm-mfg.com,USA,directory:MWFA
Central Wire Ind.,https://centralwire.com,USA,directory:MWFA
Certified Fastener & Industrial Supply,https://certifiedfasteners.com,USA,directory:MWFA
Cfh Procurement,https://cfhprocurement.com,USA,directory:MWFA
Chicago Hardware & Fixture Co.,https://chicagohardware.com,USA,directory:MWFA
Clarcorp Ind. Sales Inc.,https://clarcorp.com,USA,directory:MWFA
Darloc Corporation,https://darloc.com,USA,directory:MWFA
Eurolink FSS,https://eurolinkfss.com,USA,directory:MWFA
Greenslade & Company,https://greensladeandcompany.com,USA,directory:MWFA
Integrated Packaging,https://integratedpack.com,USA,directory:MWFA
Kanebridge Corp,https://kanebridge.com,USA,directory:MWFA
Liberty Fastener Company,https://libertyfastener.com,USA,directory:MWFA
National Bolt And Nut,https://nationalbolt.com,USA,directory:MWFA
Nof Metal Coatings,https://nofmetalcoatings.us,USA,directory:MWFA
Sems & Specials Inc,https://semsandspecials.com,USA,directory:MWFA
Signature Enginered Solutions,https://sigengineered.com,USA,directory:MWFA
SWD Inc.,https://swdinc.com,USA,directory:MWFA
Trusort Fastener Services,https://trusort.com,USA,directory:MWFA
Wing-Hamlin Company Inc,https://wing-hamlin.com,USA,directory:MWFA
Wyandotte Industries Inc.,https://wyandotte.com,USA,directory:MWFA
Xl Screw Corp.,https://xlscrew.com,USA,directory:MWFA
Zmg Fasteners Plus,https://zmgfastenersplus.com,USA,directory:MWFA
Abbott Metal Werks,https://amwfast.com,USA,directory:MWFA
Abrasive & Fastening Solutions Inc.,https://abrafast.com,USA,directory:MWFA
Accu Inc,https://accu-components.com,USA,directory:MWFA
Advanced Cable Ties,https://advancedcableties.com,USA,directory:MWFA
Advanced Components,https://advancecomponents.com,USA,directory:MWFA
Alert Screw Products,https://alertscrew.com,USA,directory:MWFA
All American Threaded Products Inc.,https://aatprod.com,USA,directory:MWFA
All American Washer,https://washerwerks.com,USA,directory:MWFA
American Bolt Corp.,https://americanboltcorp.com,USA,directory:MWFA
American Specialty Product And Machine Inc.,https://amerispecandmachine.com,USA,directory:MWFA
Angor-Intools,https://angor-intools.com,USA,directory:MWFA
Armour Screw Co,https://armourscrew.com,USA,directory:MWFA
Atlas Fastener Llc,https://atlasfastener.com,USA,directory:MWFA
Auto Bolt Company,https://autoboltusa.com,USA,directory:MWFA
B&D Cold Heading,https://bdchp.com,USA,directory:MWFA
Bay Standard Manufacturing East,https://baystandard.com,USA,directory:MWFA
Beacon Fasteners & Components,https://beaconfasteners.com,USA,directory:MWFA
Big Bolt Corp,https://bigbolt.net,USA,directory:MWFA
Blue Ribbon Fastener Co.,https://blueribbonfastener.com,USA,directory:MWFA
Bossard Int'L,https://bossard.com,USA,directory:MWFA
Brico Industries Inc,https://bricoind.com,USA,directory:MWFA
Buckeye Fastener Co.,https://buckeyefasteners.com,USA,directory:MWFA
Cable Tie Express,https://cabletieexpress.com,USA,directory:MWFA
Cable Ties Unlimited,https://ctupro.com,USA,directory:MWFA
Cambridge Resources,https://codaresources.com,USA,directory:MWFA
Charter Wire,https://charterwire.com,USA,directory:MWFA
Cinco Industries,https://cinco-ind.com,USA,directory:MWFA
Class C Components Inc.,https://classccomponents.com,USA,directory:MWFA
Cleco Industrial Fasteners Co. Inc.,https://clecofasteners.com,USA,directory:MWFA
Component Technologies Int'L,https://comptechintl.com,USA,directory:MWFA
Components Company Inc.,https://wearecci.com,USA,directory:MWFA
Crescent Manufacturing,https://crescentmanufacturing.com,USA,directory:MWFA
Crown Screw & Bolt Corporation,https://crownscrew.com,USA,directory:MWFA
Csm Fastener Products Co.,https://csmfastener.com,USA,directory:MWFA
Daco Precision Inc.,https://daco-precision.com,USA,directory:MWFA
Dale Fastener Supply,https://dalecompany.com,USA,directory:MWFA
Darling Bolt Company,https://darlingbolt.com,USA,directory:MWFA
Dyna-Burr Chicago Inc.,https://dynaburr.com,USA,directory:MWFA
Earnest Machine,https://earnestmachine.com,USA,directory:MWFA
Edson Manufacturing,https://edsonmfg.com,USA,directory:MWFA
Efc,https://efc-intl.com,USA,directory:MWFA
Elite Fasteners Inc.,https://elitefasteners.com,USA,directory:MWFA
Endries International Inc,https://endries.com,USA,directory:MWFA
Engineered Components Co,https://anchor-bolt.com,USA,directory:MWFA
E-Z Lok,https://ezlok.com,USA,directory:MWFA
Fall River Mfg Co,https://fallrivermfg.com,USA,directory:MWFA
Fasco,https://fascofasteners.com,USA,directory:MWFA
Fascomp Electronic Hardware,https://fascomp.com,USA,directory:MWFA
Fastener Solutions Group,https://fastenersolutions.com,USA,directory:MWFA
Fastener Superstore,https://fastenersuperstore.com,USA,directory:MWFA
Fasteners Plus,https://fastenersplus.com,USA,directory:MWFA
Fastron Co,https://fastron.com,USA,directory:MWFA
Field Fastener Supply,https://fieldfastener.com,USA,directory:MWFA
Foremost Fastener Co,https://foremostfastener.com,USA,directory:MWFA
Gf&D Systems,https://gfdsystems.com,USA,directory:MWFA
G-Fast Distribution Inc,https://g-fast.com,USA,directory:MWFA
Global Certified Fasteners,https://gcfasteners.com,USA,directory:MWFA
Goebel Fasteners,https://goebelfasteners.com,USA,directory:MWFA
Grand River Supply,https://grsupply.com,USA,directory:MWFA
Great Lakes Washer,https://prestigethreadedproducts.com,USA,directory:MWFA
Hanger Bolt & Stud Co.,https://hangerbolt.com,USA,directory:MWFA
Heico Fasteners,https://heico-lock.us,USA,directory:MWFA
Hercules Bolt,https://herculesbolt.com,USA,directory:MWFA
Hillsdale Terminal,https://hillsdaleterminal.com,USA,directory:MWFA
Hi-Tech Fastener Corp.,https://hitechfastener.com,USA,directory:MWFA
Huyett,https://huyett.com,USA,directory:MWFA
Indusco Wire Rope & Fittings,https://induscowirerope.com,USA,directory:MWFA
Infasco Distribution,https://infasco.com,USA,directory:MWFA
Inland Fastener Inc.,https://inlandfastener.com,USA,directory:MWFA
Intercorp,https://intercorpusa.com,USA,directory:MWFA
International Fasteners Inc.,https://daggerz.com,USA,directory:MWFA
Issco Inc.,https://isscoinc.com,USA,directory:MWFA
Kerr Lakeside Inc.,https://kerrlakeside.com,USA,directory:MWFA
Komar Screw Corp,https://komarscrew.com,USA,directory:MWFA
Lawrence Screw Products Inc.,https://lawrencescrew.com,USA,directory:MWFA
Lindfast Solutions Group,https://lindfastgrp.com,USA,directory:MWFA
Locknut Technology Inc,https://locknuttechnology.com,USA,directory:MWFA
Metal Resource Solutions,https://metalresourcesolutions.net,USA,directory:MWFA
Metric & Multistandard,https://metricmcc.com,USA,directory:MWFA
N-D Industries,https://ndindustries.com,USA,directory:MWFA
Nord-Lock,https://nord-lock.com,USA,directory:MWFA
Nucor Fastener,https://nucor-fastener.com,USA,directory:MWFA
Nylok Fastener Corp,https://nylok.com,USA,directory:MWFA
O & K American Corp,https://oandk-co.com,USA,directory:MWFA
Parker Fasteners MFG Group,https://parkerfastenersgroup.com,USA,directory:MWFA
Precision Screw Products,https://precisionscrewprod.com,USA,directory:MWFA
Preferred Fasteners Inc.,https://preferredfasteners.com,USA,directory:MWFA
Prestige Stamping,https://prestige-stamp.com,USA,directory:MWFA
Priority Products,https://priorityproductsinc.com,USA,directory:MWFA
Production Materials,https://productionmaterials.com,USA,directory:MWFA
Prospect Fastener,https://prospectfastener.com,USA,directory:MWFA
R B Industries Inc,https://rbi-usa.com,USA,directory:MWFA
Rhyno Manufacturing Inc.,https://rhynomfginc.com,USA,directory:MWFA
Rk Precision Products Llc,https://rkpproducts.com,USA,directory:MWFA
S. W. Anderson,https://swaco.com,USA,directory:MWFA
Screws Industries,https://screwsindustries.com,USA,directory:MWFA
Setko Fasteners,https://setkofasteners.com,USA,directory:MWFA
Spartan Fastener,https://spartanfastener.com,USA,directory:MWFA
Spirol International,https://spirol.com,USA,directory:MWFA
Suburban Bolt & Supply Inc.,https://suburbanbolt.com,USA,directory:MWFA
Tristar Metals Llc,https://tristarmetals.com,USA,directory:MWFA
Tru-Pack,https://tru-pack.com,USA,directory:MWFA
Unicorp,https://unicorpinc.com,USA,directory:MWFA
Unytite Inc,https://unytiteusa.com,USA,directory:MWFA
Valley Fastener Group,https://valleyfastener.com,USA,directory:MWFA
Ventura Industrial Products,https://jackieventura.com,USA,directory:MWFA
Vogelsang Fastener Solutions,https://vogelsangfastener.com,USA,directory:MWFA
Volt Industrial Plastics,https://voltplastics.com,USA,directory:MWFA
W. J. Roberts,https://wjroberts.com,USA,directory:MWFA
Willie Washer Mfg,https://williewasher.com,USA,directory:MWFA
Wrentham Tool Group,https://wrenthamtool.com,USA,directory:MWFA
Wrought Washer,https://wroughtwasher.com,USA,directory:MWFA
Wurth,https://wurthindustry.com,USA,directory:MWFA
